Tiempo,EncA,EncB,EncC,EncD,vA,vB,vC,vD,iA,iB,iC,iD,pwmA,pwmB,pwmC,pwmD
0.029017925262451172,0.0,0.0,0.0,0.0,0,3,3,0,5.17,4.89,4.84,4.4,15291,15291,15291,13107
0.06759405136108398,-0.00478307481509046,0.005447390761630803,0.0,0.005181664383014666,-232,327,3,259,7.97,6.05,6.6,7.37,32251,32251,32251,32251
0.10722589492797852,-0.02258674218237162,0.02763554337607822,0.00013286318930806834,0.024446826832684575,-921,988,-1,897,3.41,4.4,4.34,5.0,32251,32251,32251,32251
0.14580392837524414,-0.05062087512637404,0.05434104442699995,0.0,0.049026516854677224,-1640,1721,3,1574,1.7,0.88,1.65,1.48,32251,32251,32251,32251
0.18549203872680664,-0.08117940866722977,0.08290663012823465,0.0,0.0793193240169168,-2348,2422,-1,2279,1.65,1.76,1.48,2.36,32251,32251,32251,32251
0.22399497032165527,-0.1121365317760097,0.11333230047978231,0.0,0.10854922566469183,-2955,3014,-1,2853,1.54,0.88,1.59,0.99,32251,32251,32251,32251
0.26375508308410645,-0.14083498066655242,0.14428942358856223,0.00013286318930806834,0.1367162217980023,-3417,3453,2,3295,1.65,0.88,1.7,2.03,32251,32251,32251,32251
0.30225205421447754,-0.17219069334325657,0.17577799945457442,0.0,0.16687616577093384,-3849,3874,2,3728,1.65,1.65,1.48,0.55,32251,32251,32251,32251
0.34076690673828125,-0.20367926920926877,0.20421072196650103,0.0,0.1971689729331734,-4203,4224,2,4058,1.65,0.93,1.26,1.21,32251,32251,32251,32251
0.38426804542541504,-0.23237771809981156,0.23516784507528096,0.0,0.22560169544510003,-4495,4496,2,4374,1.7,0.82,1.7,1.65,32251,32251,32251,32251
0.4240238666534424,-0.2689150951595303,0.2687822319702223,0.0,0.2581531768255768,-4757,4735,-1,4608,1.65,1.76,1.32,1.37,32251,32251,32251,32251
0.46253108978271484,-0.2976135440500731,0.29920790232176986,0.0,0.28884457355574056,-4954,4897,2,4794,1.54,0.82,1.7,1.26,32251,32251,32251,32251
0.5010240077972412,-0.32896925672677724,0.32803921440162076,0.0,0.3200674230431367,-5099,5074,2,4985,1.7,0.66,1.65,0.82,32251,32251,32251,32251
0.5407869815826416,-0.3601921062141733,0.35952779026763293,0.0,0.3490315983122955,-5237,5225,-2,5147,1.26,0.82,0.82,0.66,32251,32251,32251,32251
0.5842900276184082,-0.38955487105125636,0.39128209251226126,0.0,0.38078590055692385,-5377,5359,2,5298,0.82,0.38,0.88,0.49,32251,32251,32251,32251
0.6265499591827393,-0.42728801681474776,0.4266237008682075,0.0,0.4158617825342539,-5514,5508,-1,5454,0.77,0.6,0.77,0.38,32251,32251,32251,32251
0.6688029766082764,-0.46302821473861816,0.4619653092241536,0.0,0.451070527700892,-5638,5625,-1,5570,0.88,0.05,0.82,0.38,32251,32251,32251,32251
0.7098140716552734,-0.495845422497711,0.4947825169832465,-0.00013286318930806834,0.48362200908136876,-5735,5720,-5,5675,0.82,0.16,0.82,0.49,32251,32251,32251,32251
0.7520589828491211,-0.5309213044750412,0.5302569885285007,0.0,0.5189636174373149,-5802,5797,-4,5753,0.82,0.55,0.44,0.27,32251,32251,32251,32251
0.794313907623291,-0.563738512234134,0.5628084699089775,0.0,0.5516479620070998,-5862,5858,-4,5821,0.88,0.05,0.27,0.44,32251,32251,32251,32251
0.8365800380706787,-0.5992129837793883,0.5985486678328479,0.0,0.5897796973385154,-5922,5923,-4,5890,0.77,0.22,0.55,0.38,32251,32251,32251,32251
0.8776578903198242,-0.6348203185139506,0.6341560025674102,0.0,0.6252541688837696,-5970,5972,0,5935,0.82,0.05,0.38,0.44,32251,32251,32251,32251
0.9210829734802246,-0.6677703894623515,0.666840347137195,-0.00013286318930806834,0.655281249667393,-6006,5998,1,5977,0.66,0.71,0.82,0.49,32251,32251,32251,32251
0.9620890617370605,-0.7033777241969138,0.7020490923038332,0.0,0.6934129849988087,-6039,6020,1,6007,0.77,0.82,0.55,0.49,32251,32251,32251,32251
1.0030899047851562,-0.7360620687666987,0.7344677104950017,-0.00013286318930806834,0.7233072025931241,-6062,6038,1,6031,0.82,0.22,0.38,0.38,32251,32251,32251,32251
1.0440969467163086,-0.7716694035012609,0.769942182040256,0.0,0.7615718011138477,-6076,6057,-3,6056,0.82,0.11,0.6,0.44,32251,32251,32251,32251
1.0876829624176025,-0.8042208848817377,0.8023608002314248,-0.00013286318930806834,0.7914660187081632,-6089,6064,1,6071,0.82,0.82,0.11,0.44,32251,32251,32251,32251
1.131108045578003,-0.839961082805608,0.8373038190194467,0.0,0.8269404902534173,-6111,6065,-2,6092,0.77,0.77,0.16,0.49,32251,32251,32251,32251
1.1721150875091553,-0.8755684175401703,0.872645427375393,0.0,0.865205088774141,-6125,6079,-2,6103,0.82,0.77,0.55,0.49,32251,32251,32251,32251
1.213115930557251,-0.9083856252992633,0.9050640455665615,-0.00013286318930806834,0.8952321695577645,-6133,6087,2,6114,0.71,0.77,0.6,0.27,32251,32251,32251,32251
1.2541210651397705,-0.9441258232231337,0.9402727907331996,-0.00013286318930806834,0.9333639048891801,-6151,6084,2,6120,0.71,0.77,0.05,0.33,32251,32251,32251,32251
1.2963900566101074,-0.9772087573608427,0.9728242721136765,0.0,0.9632581224834954,-6159,6100,-2,6128,0.82,0.0,0.27,0.44,32251,32251,32251,32251
1.3374650478363037,-1.0126832289060967,1.008697333226855,0.0,0.9985997308394416,-6164,6124,-2,6128,0.82,0.44,0.05,0.38,32251,32251,32251,32251
1.3808999061584473,-1.0429760360683367,1.0412488146073315,0.0,1.0314169385985346,-6171,6120,-2,6134,0.77,0.38,0.44,0.44,32251,32251,32251,32251
1.4231488704681396,-1.0815063609676763,1.076723286152586,0.0,1.066891410143789,-6178,6127,-2,6139,0.82,0.55,0.88,0.49,32251,32251,32251,32251
1.4654040336608887,-1.1171136957022385,1.111932031319224,-0.00013286318930806834,1.1050231454752044,-6174,6125,2,6141,0.77,0.6,0.16,0.44,32251,32251,32251,32251
1.5077450275421143,-1.1499309034613316,1.1444835126997006,0.0,1.1346516366909036,-6179,6125,-2,6128,0.93,0.88,0.71,0.49,32251,32251,32251,32251
1.547494888305664,-1.1851396486279697,1.1799579842449548,-0.00013286318930806834,1.1726505088330113,-6167,6137,2,6132,0.71,0.0,0.82,0.49,32251,32251,32251,32251
1.5896708965301514,-1.2154324557902092,1.212908055193356,0.0,1.2025447264273266,-6177,6143,2,6133,0.71,0.16,0.0,0.38,32251,32251,32251,32251
1.6331720352172852,-1.253829917500241,1.2483825267386102,0.0,1.2380191979725808,-6178,6146,1,6138,0.88,0.82,0.82,0.44,32251,32251,32251,32251
1.6741828918457031,-1.2893043890454952,1.2837241350945563,0.0,1.2762837964933045,-6175,6144,-2,6140,0.77,0.33,0.71,0.49,32251,32251,32251,32251
1.7177670001983643,-1.322121596804588,1.3164084796643412,0.0,1.3060451508983117,-6175,6145,-2,6144,0.71,0.33,0.44,0.38,32251,32251,32251,32251
1.761234998703003,-1.3577289315391505,1.3516172248309792,0.0,1.3415196224435662,-6177,6139,-2,6143,0.88,0.66,0.88,0.44,32251,32251,32251,32251
1.802191972732544,-1.3932034030844047,1.3868259699976173,-0.00013286318930806834,1.3796513577749818,-6174,6139,-2,6144,0.71,0.0,0.77,0.38,32251,32251,32251,32251
1.8444559574127197,-1.4262863372221135,1.4196431777567105,0.0,1.409545575369297,-6183,6141,1,6144,0.77,0.0,0.66,0.6,32251,32251,32251,32251
1.885472059249878,-1.4618936719566762,1.4547190597340403,-0.00013286318930806834,1.4476773107007128,-6179,6132,2,6144,0.66,0.82,0.77,0.38,32251,32251,32251,32251
1.9277780055999756,-1.4919207527402996,1.487137677925209,0.00013286318930806834,1.4775715282950281,-6182,6127,1,6144,0.82,0.05,0.49,0.49,32251,32251,32251,32251
1.9687459468841553,-1.530185351261023,1.5224792862811551,0.00013286318930806834,1.5127802734616662,-6178,6129,0,6136,0.82,0.82,0.11,0.49,32251,32251,32251,32251
2.0072319507598877,-1.5602124320446464,1.554897904472324,0.00013286318930806834,1.545331754842143,-6182,6121,0,6136,0.77,0.71,0.38,0.38,32251,32251,32251,32251
2.0470850467681885,-1.5934282293716635,1.5873165226634924,0.00013286318930806834,1.5778832362226196,-6188,6122,0,6134,0.77,0.05,0.82,0.44,32251,32251,32251,32251
2.090501070022583,-1.629168427295534,1.6202665936118934,0.0,1.6132248445785657,-6191,6138,0,6135,0.77,0.22,0.71,0.33,32251,32251,32251,32251
2.1302490234375,-1.662251361433243,1.6556082019678395,0.00013286318930806834,1.6457763259590426,-6197,6136,0,6129,0.82,0.38,0.16,0.44,32251,32251,32251,32251
2.1712560653686523,-1.6978586961678053,1.6882925465376244,0.00013286318930806834,1.6808522079363728,-6190,6141,0,6126,0.77,0.16,0.16,0.49,32251,32251,32251,32251
2.2122578620910645,-1.7306759039268984,1.7211097542967173,0.00013286318930806834,1.7135365525061574,-6191,6142,-1,6130,0.82,0.71,0.16,0.55,32251,32251,32251,32251
2.2520179748535156,-1.7633602484966833,1.7537940988665022,0.00013286318930806834,1.7431650437218567,-6184,6143,-1,6126,0.77,0.66,0.82,0.49,32251,32251,32251,32251
2.295531988143921,-1.7988347200419375,1.788869980843832,0.0,1.7814296422425802,-6184,6134,3,6128,0.88,0.49,0.55,0.33,32251,32251,32251,32251
2.3354580402374268,-1.8317847909903382,1.821554325413617,0.0,1.814113986812365,-6187,6141,2,6131,0.71,0.22,0.27,0.49,32251,32251,32251,32251
2.377600908279419,-1.8650005883173553,1.857161660148179,0.0,1.8467983313821499,-6194,6147,-1,6137,0.77,0.0,0.82,0.44,32251,32251,32251,32251
2.417283058166504,-1.9007407862412258,1.889713141528656,0.00013286318930806834,1.8790840863840106,-6201,6148,-2,6124,0.82,0.0,0.77,0.44,32251,32251,32251,32251
2.4570329189300537,-1.9307678670248491,1.9226632124770573,0.00013286318930806834,1.9113698413858713,-6190,6153,-2,6120,0.82,0.05,0.66,0.55,32251,32251,32251,32251
2.4967920780181885,-1.963452211594634,1.9552146938575337,0.00013286318930806834,1.9440541859556562,-6184,6148,-2,6125,0.82,0.71,0.71,0.49,32251,32251,32251,32251
2.539051055908203,-1.9990595463291962,1.9875004488593944,0.00013286318930806834,1.9793957943116023,-6184,6129,2,6127,0.82,0.82,0.77,0.44,32251,32251,32251,32251
2.5788190364837646,-2.0320096172775974,2.019919067050563,0.00013286318930806834,2.0120801388813874,-6186,6133,-2,6131,0.71,0.16,0.66,0.49,32251,32251,32251,32251
2.6187069416046143,-2.0619038348719125,2.0527362748096563,0.0,2.0421072196650103,-6180,6135,2,6134,0.82,0.27,0.82,0.44,32251,32251,32251,32251
2.6621289253234863,-2.097511169606475,2.0878121567869856,0.00013286318930806834,2.0774488280209567,-6181,6123,-2,6134,0.71,0.82,0.77,0.49,32251,32251,32251,32251
2.705565929412842,-2.1357757681271985,2.122888038764316,0.00013286318930806834,2.1155805633523723,-6182,6127,-2,6140,0.77,0.0,0.11,0.55,32251,32251,32251,32251
2.747864007949829,-2.166068575289438,2.155705246523409,0.00013286318930806834,2.1456076441359957,-6180,6131,-2,6144,0.82,0.66,0.05,0.44,32251,32251,32251,32251
2.7888309955596924,-2.204333173810162,2.190913991690047,0.0,2.1837393794674114,-6186,6128,2,6145,0.77,0.77,0.16,0.27,32251,32251,32251,32251
2.8323349952697754,-2.2402062349233405,2.2259898736673773,0.0,2.2190809878233573,-6195,6126,2,6148,0.82,0.11,0.11,0.44,32251,32251,32251,32251
2.873349905014038,-2.2734220322503575,2.25880708142647,0.0,2.2492409317962894,-6200,6130,2,6151,0.82,0.11,0.22,0.38,32251,32251,32251,32251
2.9156010150909424,-2.309295093363536,2.2940158265931077,0.0,2.2872398039383963,-6206,6127,2,6142,0.77,0.71,0.49,0.44,32251,32251,32251,32251
2.9579379558563232,-2.342245164311937,2.3265673079735847,0.0,2.3170011583434036,-6205,6131,2,6137,0.77,0.05,0.55,0.38,32251,32251,32251,32251
2.997809886932373,-2.377852499046499,2.3623075058974554,0.0,2.352077040320734,-6201,6145,2,6135,0.66,0.0,0.0,0.33,32251,32251,32251,32251
3.0411159992218018,-2.408145306208739,2.395257576845856,0.0,2.3847613848905187,-6205,6155,2,6138,0.88,0.27,0.16,0.27,32251,32251,32251,32251
3.0846328735351562,-2.4462770415401547,2.4305991852018023,0.00013286318930806834,2.420368719625081,-6193,6152,-2,6145,0.82,0.0,0.27,0.44,32251,32251,32251,32251
3.126887083053589,-2.4820172394640245,2.4659407935577486,0.00013286318930806834,2.4557103279810275,-6200,6145,-2,6148,0.77,0.6,0.66,0.38,32251,32251,32251,32251
3.167901039123535,-2.517624574198587,2.501415265103003,0.00013286318930806834,2.493974926501751,-6193,6148,2,6149,0.71,0.55,0.82,0.38,32251,32251,32251,32251
3.2113850116729736,-2.55044178195768,2.5340996096727877,0.00013286318930806834,2.5240020072853744,-6195,6148,2,6147,0.77,0.0,0.82,0.44,32251,32251,32251,32251
3.2524020671844482,-2.5861819798815504,2.569574081218042,0.0,2.5593436156413207,-6197,6150,2,6152,0.82,0.16,0.6,0.49,32251,32251,32251,32251
3.294642925262451,-2.6192649140192596,2.6022584257878263,0.00013286318930806834,2.5920279602111056,-6202,6150,-2,6149,0.71,0.27,0.82,0.44,32251,32251,32251,32251
3.3369059562683105,-2.65500511194313,2.6374671709544644,0.00013286318930806834,2.630292558731829,-6199,6148,-2,6151,0.88,0.0,0.71,0.33,32251,32251,32251,32251
3.379164934158325,-2.6906124466776924,2.6729416424997186,0.00013286318930806834,2.6657670302770833,-6196,6150,2,6155,0.77,0.11,0.88,0.33,32251,32251,32251,32251
3.42140793800354,-2.7234296544367846,2.7054931238801956,0.0,2.695794111060706,-6193,6142,2,6157,0.77,0.77,0.66,0.38,32251,32251,32251,32251
3.4638099670410156,-2.7593027155499636,2.7403032794789093,0.00013286318930806834,2.731268582605961,-6200,6129,-2,6158,0.77,0.33,0.49,0.44,32251,32251,32251,32251
3.504680871963501,-2.7951757766631418,2.7757777510241635,0.00013286318930806834,2.7694003179373765,-6210,6130,-2,6156,0.71,0.82,0.82,0.22,32251,32251,32251,32251
3.550416946411133,-2.828258710800851,2.808329232404641,0.00013286318930806834,2.799560261910308,-6213,6129,2,6161,0.77,0.82,0.38,0.44,32251,32251,32251,32251
3.591693878173828,-2.8670547620788067,2.8488525051436016,0.00013286318930806834,2.8404821242171927,-6217,6125,-2,6161,0.77,0.66,0.44,0.49,32251,32251,32251,32251
3.631464958190918,-2.900137696216516,2.878879585927225,0.00013286318930806834,2.8731664687869776,-6223,6129,-2,6159,0.71,0.49,0.33,0.38,32251,32251,32251,32251
3.6724419593811035,-2.933353493543533,2.91156393049701,0.00013286318930806834,2.9031935495706014,-6223,6137,-2,6162,0.82,0.05,0.82,0.38,32251,32251,32251,32251
3.714711904525757,-2.9636463007057725,2.9441154118774864,0.00013286318930806834,2.9358778941403862,-6223,6135,2,6161,0.71,0.66,0.82,0.44,32251,32251,32251,32251
3.7569499015808105,-3.002176625605112,2.9794570202334327,0.0,2.9713523656856404,-6221,6136,2,6154,0.77,0.05,0.82,0.44,32251,32251,32251,32251
3.7992050647735596,-3.038049686718291,3.014931491778687,0.0,3.0066939740415863,-6222,6141,2,6153,0.77,0.05,0.77,0.27,32251,32251,32251,32251
3.841477870941162,-3.0709997576666916,3.0477486995377796,0.00013286318930806834,3.039378318611371,-6214,6147,-2,6157,0.82,0.66,0.71,0.38,32251,32251,32251,32251
3.8849709033966064,-3.1064742292119463,3.083356034272342,0.00013286318930806834,3.074852790156626,-6208,6150,-2,6160,0.77,0.16,0.11,0.49,32251,32251,32251,32251
3.9247329235076904,-3.1420815639465083,3.1188305058175962,0.0,3.11032726170188,-6204,6156,-2,6158,0.77,0.05,0.49,0.44,32251,32251,32251,32251
3.9657459259033203,-3.174898771705601,3.151514850387381,0.00013286318930806834,3.1431444694609727,-6198,6155,2,6157,0.66,0.0,0.77,0.38,32251,32251,32251,32251
4.0017359256744385,-3.2050587156785326,3.1844649213357816,0.00013286318930806834,3.1758288140307576,-6197,6161,-2,6158,0.77,0.16,0.71,0.49,32251,32251,32251,32251
4.0389909744262695,-3.238141649816242,3.214359138930097,0.00013286318930806834,3.205855894814381,-6202,6157,2,6158,0.77,0.05,0.49,0.44,32251,32251,32251,32251
4.0750038623809814,-3.2656443300030116,3.244519082903029,0.00013286318930806834,3.2358829755980043,-6208,6158,-2,6159,0.82,0.11,0.88,0.38,32251,32251,32251,32251
4.118505001068115,-3.2988601273300286,3.2744133004973444,0.00013286318930806834,3.265910056381628,-6211,6161,-2,6162,0.82,0.05,0.55,0.44,32251,32251,32251,32251
4.158259868621826,-3.3344674620645915,3.3098877720425985,0.0,3.3013845279268823,-6201,6159,2,6160,0.77,0.77,0.66,0.44,32251,32251,32251,32251
4.200507879257202,-3.3672846698236842,3.3423063902337673,0.0,3.334068872496667,-6205,6147,-2,6151,0.82,0.77,0.38,0.44,32251,32251,32251,32251
4.241517066955566,-3.403157730936863,3.3773822722110975,0.00013286318930806834,3.369410480852613,-6206,6139,-2,6155,0.77,0.11,0.44,0.44,32251,32251,32251,32251
4.278773069381714,-3.4335834012884097,3.4101994799701907,0.0,3.402227688611706,-6216,6140,-2,6159,0.77,0.71,0.55,0.33,32251,32251,32251,32251
4.318526983261108,-3.4666663354261193,3.4426180981613586,0.00013286318930806834,3.435044896370799,-6218,6138,-2,6161,0.77,0.44,0.05,0.44,32251,32251,32251,32251
4.358289003372192,-3.499749269563828,3.472512315755674,0.00013286318930806834,3.4650719771544223,-6219,6137,-2,6162,0.82,0.38,0.0,0.49,32251,32251,32251,32251
4.399288892745972,-3.5329650668908448,3.5053295235147677,0.0,3.4978891849135154,-6224,6146,2,6161,0.77,0.0,0.05,0.38,32251,32251,32251,32251
4.437891006469727,-3.565915137839246,3.5380138680845525,0.0,3.5305735294833003,-6216,6147,-2,6159,0.82,0.55,0.0,0.49,32251,32251,32251,32251
4.477612018585205,-3.598599482409031,3.573355476440498,0.0,3.5657822746499384,-6209,6139,-2,6153,0.71,0.71,0.82,0.49,32251,32251,32251,32251
4.518557071685791,-3.631549553357432,3.6059069578209746,0.00013286318930806834,3.598599482409031,-6208,6141,-2,6157,0.77,0.16,0.44,0.44,32251,32251,32251,32251
4.558328866958618,-3.6647653506844486,3.63580117541529,0.00013286318930806834,3.628493700003346,-6211,6145,-2,6158,0.71,0.0,0.55,0.22,32251,32251,32251,32251
4.595557928085327,-3.694792431468073,3.6686183831743833,0.00013286318930806834,3.661178044573131,-6203,6146,2,6148,0.82,0.82,0.88,0.44,32251,32251,32251,32251
4.63531494140625,-3.727742502416474,3.698379737579391,0.0,3.6935966627642998,-6203,6143,-2,6144,0.82,0.0,0.82,0.49,32251,32251,32251,32251
4.67507004737854,-3.7605597101755666,3.731064082149176,0.00013286318930806834,3.7234908803586153,-6202,6142,-2,6147,0.77,0.0,0.33,0.44,32251,32251,32251,32251
4.71608304977417,-3.7936426443132754,3.7638812899082676,0.00013286318930806834,3.7561752249284,-6202,6150,-2,6146,0.77,0.0,0.55,0.55,32251,32251,32251,32251
4.754590034484863,-3.826459852072368,3.7966984976673612,0.0,3.7889924326874933,-6197,6154,-2,6146,0.77,0.0,0.27,0.44,32251,32251,32251,32251
4.795590877532959,-3.859277059831461,3.8323058324019232,0.00013286318930806834,3.8243340410434388,-6194,6153,-2,6151,0.77,0.11,0.71,0.38,32251,32251,32251,32251
4.835340976715088,-3.8922271307798617,3.8649901769717085,0.00013286318930806834,3.8571512488025324,-6199,6156,-2,6151,0.82,0.22,0.82,0.44,32251,32251,32251,32251
4.872606039047241,-3.9254429281068792,3.894884394566024,0.0,3.887045466396848,-6204,6153,2,6149,0.6,0.0,0.77,0.38,32251,32251,32251,32251
4.912348985671997,-3.9554700088905026,3.927701602325116,0.0,3.9197298109666328,-6202,6157,2,6149,0.71,0.05,0.77,0.49,32251,32251,32251,32251
4.952106952667236,-3.9882872166495957,3.960253083705594,0.00013286318930806834,3.9524141555364167,-6193,6151,-2,6149,0.82,0.77,0.6,0.49,32251,32251,32251,32251
4.991863012313843,-4.0213701507873045,3.9898815749212924,0.00013286318930806834,3.982441236320041,-6199,6141,2,6151,0.71,0.82,0.88,0.38,32251,32251,32251,32251
5.032860994338989,-4.054187358546398,4.02243305630177,0.0,4.015125580889826,-6194,6136,2,6153,0.88,0.27,0.44,0.49,32251,32251,32251,32251
5.072623014450073,-4.08700456630549,4.057508938279099,0.00013286318930806834,4.0506000524350805,-6192,6125,2,6153,0.77,0.6,0.22,0.49,32251,32251,32251,32251
5.1123878955841064,-4.119954637253891,4.090060419659576,0.00013286318930806834,4.0832843970048645,-6196,6125,2,6153,0.71,0.82,0.38,0.49,32251,32251,32251,32251
5.152141094207764,-4.1530375713916,4.119821774064584,0.00013286318930806834,4.115835878385341,-6197,6125,2,6148,0.77,0.55,0.44,0.44,32251,32251,32251,32251
5.189387083053589,-4.186120505529309,4.152506118634369,0.0,4.145730095979657,-6202,6131,-2,6146,0.77,0.11,0.66,0.38,32251,32251,32251,32251
5.227901935577393,-4.216413312691549,4.1850576000148445,0.0,4.178281577360133,-6209,6130,-2,6142,0.82,0.77,0.27,0.55,32251,32251,32251,32251
5.269044876098633,-4.24936338363995,4.215217543987776,0.00013286318930806834,4.210965921929918,-6203,6142,-2,6144,0.77,0.05,0.71,0.38,32251,32251,32251,32251
5.3123979568481445,-4.282047728209734,4.250692015533031,0.00013286318930806834,4.246307530285864,-6195,6146,-2,6143,0.82,0.11,0.88,0.55,32251,32251,32251,32251
5.352164030075073,-4.3177879261336045,4.286166487078285,0.00013286318930806834,4.278726148477033,-6191,6151,-2,6135,1.04,0.05,0.71,0.44,32251,32251,32251,32251
5.391906976699829,-4.350073681135466,4.31885083164807,0.00013286318930806834,4.311410493046818,-6180,6147,2,6138,0.82,0.82,0.82,0.49,32251,32251,32251,32251
5.437923908233643,-4.3886040060348055,4.356982566979485,0.00013286318930806834,4.349542228378233,-6187,6147,2,6140,0.77,0.11,0.88,0.55,32251,32251,32251,32251
5.476433992385864,-4.419029676386353,4.387009647763109,0.0,4.379569309161857,-6192,6150,-2,6144,0.66,0.0,0.71,0.49,32251,32251,32251,32251
5.513678073883057,-4.452112610524062,4.417036728546732,0.00013286318930806834,4.40959638994548,-6193,6152,2,6147,0.82,0.0,0.77,0.49,32251,32251,32251,32251
5.554708957672119,-4.484929818283155,4.449721073116517,0.00013286318930806834,4.442280734515265,-6194,6155,-2,6145,0.77,0.11,0.77,0.49,32251,32251,32251,32251
5.5957019329071045,-4.517747026042247,4.485062681472463,0.00013286318930806834,4.477755206060519,-6195,6154,2,6150,0.77,0.0,0.38,0.49,32251,32251,32251,32251
5.641695976257324,-4.553620087155426,4.517747026042247,0.0,4.513096814416466,-6198,6142,2,6153,0.77,0.82,0.82,0.38,32251,32251,32251,32251
5.68395209312439,-4.589227421889989,4.555613034995048,0.00013286318930806834,4.54857128596172,-6200,6137,2,6150,0.82,0.05,0.71,0.38,32251,32251,32251,32251
5.72246789932251,-4.622177492838389,4.588031653186215,0.00013286318930806834,4.578598366745343,-6200,6140,-2,6155,0.71,0.0,0.66,0.49,32251,32251,32251,32251
5.76220703125,-4.655127563786791,4.617925870780531,0.00013286318930806834,4.611282711315128,-6201,6133,2,6154,0.77,0.6,0.82,0.38,32251,32251,32251,32251
5.800718069076538,-4.688077634735191,4.650211625782393,0.00013286318930806834,4.644099919074221,-6194,6130,-2,6156,0.71,0.0,0.88,0.38,32251,32251,32251,32251
5.840468883514404,-4.718104715518814,4.682763107162868,0.00013286318930806834,4.673994136668536,-6195,6124,-2,6155,0.82,0.77,0.16,0.49,32251,32251,32251,32251
5.883976936340332,-4.753977776631993,4.715314588543345,0.00013286318930806834,4.71225873518926,-6202,6123,-2,6152,0.71,0.22,0.05,0.49,32251,32251,32251,32251
5.927540063858032,-4.789585111366556,4.7505233337099835,0.0,4.744943079759045,-6199,6119,2,6158,0.71,0.77,0.49,0.38,32251,32251,32251,32251
5.965987920761108,-4.822402319125649,4.7854663524980054,0.0,4.777494561139521,-6191,6113,2,6150,0.77,0.71,0.44,0.49,32251,32251,32251,32251
6.005738019943237,-4.855219526884741,4.815227706903013,0.00013286318930806834,4.810178905709306,-6188,6111,2,6148,0.77,0.0,0.38,0.49,32251,32251,32251,32251
6.046748876571655,-4.885379470857672,4.84777918828349,0.0,4.842464660711167,-6190,6113,2,6135,0.88,0.77,0.88,0.44,32251,32251,32251,32251
6.090249061584473,-4.923511206189089,4.882987933450128,0.00013286318930806834,4.877540542688497,-6185,6118,-2,6132,0.77,0.33,0.66,0.44,32251,32251,32251,32251
6.134316921234131,-4.959251404112959,4.91859526818469,0.00013286318930806834,4.9128821510444425,-6184,6131,2,6129,0.88,0.0,0.44,0.49,32251,32251,32251,32251
6.176009893417358,-4.994725875658213,4.953936876540636,0.00013286318930806834,4.948090896211081,-6185,6132,-2,6128,0.82,0.49,0.71,0.38,32251,32251,32251,32251
6.217020034790039,-5.0275430834173065,4.98662122111042,0.00013286318930806834,4.980775240780866,-6179,6136,2,6130,0.77,0.33,0.6,0.49,32251,32251,32251,32251
6.259279012680054,-5.063017554962561,5.021962829466368,0.0,5.016116849136813,-6180,6132,2,6134,0.88,0.05,0.82,0.44,32251,32251,32251,32251
6.299033880233765,-5.0961004891002695,5.0545143108468435,0.0,5.0488011937065975,-6183,6130,2,6135,0.77,0.33,0.82,0.55,32251,32251,32251,32251
6.340034008026123,-5.126260433073201,5.087065792227321,0.00013286318930806834,5.081352675087074,-6186,6134,-2,6133,0.66,0.27,0.82,0.6,32251,32251,32251,32251
6.3835389614105225,-5.1646578947832325,5.122540263772575,0.0,5.1164285570644035,-6185,6135,2,6125,0.77,0.49,0.88,0.38,32251,32251,32251,32251
6.427043914794922,-5.200132366328487,5.157749008939213,0.00013286318930806834,5.151637302231042,-6186,6135,2,6119,0.82,0.44,0.82,0.49,32251,32251,32251,32251
6.468057870864868,-5.235606837873741,5.19309061729516,0.0,5.186713184208372,-6177,6132,-2,6120,0.77,0.82,0.77,0.6,32251,32251,32251,32251
6.510308027267456,-5.268291182443526,5.225642098675635,0.00013286318930806834,5.219397528778157,-6173,6130,-2,6123,0.77,0.82,0.49,0.44,32251,32251,32251,32251
6.552603006362915,-5.304031380367396,5.260585117463658,0.00013286318930806834,5.2544734107554865,-6179,6120,2,6119,0.88,0.82,0.44,0.44,32251,32251,32251,32251
6.592314004898071,-5.336715724937181,5.2930037356548265,0.0,5.287024892135964,-6170,6117,2,6123,0.77,0.55,0.77,0.44,32251,32251,32251,32251
6.633321046829224,-5.3668756689101125,5.325289490656687,0.00013286318930806834,5.319709236705749,-6179,6110,-2,6123,0.71,0.38,0.66,0.38,32251,32251,32251,32251
6.6755828857421875,-5.4054059938094525,5.360631099012633,0.00013286318930806834,5.354785118683079,-6184,6115,-2,6113,0.82,0.05,0.6,0.49,32251,32251,32251,32251
6.716585874557495,-5.435433074593076,5.39318258039311,0.00013286318930806834,5.387070873684938,-6178,6121,-2,6115,0.82,0.11,0.33,0.49,32251,32251,32251,32251
6.758845090866089,-5.473830536303108,5.428657051938364,0.00013286318930806834,5.422412482040885,-6188,6124,-2,6115,0.77,0.11,0.27,0.55,32251,32251,32251,32251
6.803601980209351,-5.509703597416285,5.46399866029431,0.0,5.4576212272075235,-6192,6131,2,6110,0.77,0.16,0.55,0.44,32251,32251,32251,32251
6.847095966339111,-5.54517806896154,5.499340268650257,0.00013286318930806834,5.4925642459955455,-6186,6128,-2,6112,0.71,0.82,0.88,0.38,32251,32251,32251,32251
6.889371871948242,-5.580918266885411,5.534681877006204,0.0,5.527772991162183,-6195,6132,2,6108,0.77,0.0,0.71,0.44,32251,32251,32251,32251
6.929128885269165,-5.613868337833812,5.570156348551457,0.0,5.560191609353351,-6191,6142,-2,6108,0.88,0.05,0.71,0.44,32251,32251,32251,32251
6.968891859054565,-5.646818408782213,5.600183429335081,0.00013286318930806834,5.592743090733829,-6197,6144,2,6114,0.77,0.0,0.66,0.49,32251,32251,32251,32251
7.009921073913574,-5.679768479730613,5.633133500283481,0.0,5.625427435303614,-6198,6154,2,6116,0.77,0.05,0.38,0.49,32251,32251,32251,32251
7.052140951156616,-5.715242951275868,5.668740835018044,0.0,5.66076904365956,-6192,6159,-2,6120,0.88,0.05,0.6,0.38,32251,32251,32251,32251
7.093152046203613,-5.750850286010429,5.704215306563299,0.00013286318930806834,5.695977788826197,-6186,6160,-2,6116,0.82,0.05,0.77,0.44,32251,32251,32251,32251
7.135411977767944,-5.7810102299833614,5.737032514322391,0.0,5.728529270206675,-6189,6158,2,6120,0.77,0.33,0.71,0.49,32251,32251,32251,32251
7.17891788482666,-5.8195405548827015,5.772374122678337,0.0,5.763738015373313,-6197,6159,-2,6121,0.82,0.6,0.82,0.44,32251,32251,32251,32251
7.2186760902404785,-5.852490625831102,5.804925604058814,0.0,5.79628949675379,-6197,6154,2,6124,0.82,0.16,0.71,0.44,32251,32251,32251,32251
7.262207984924316,-5.8880979605656645,5.840532938793377,0.0,5.831631105109736,-6191,6155,-2,6122,0.77,0.33,0.44,0.44,32251,32251,32251,32251
7.303175926208496,-5.921048031514065,5.8730844201738535,0.00013286318930806834,5.864182586490213,-6193,6149,-2,6123,0.71,0.82,0.6,0.38,32251,32251,32251,32251
7.3466808795928955,-5.9566553662486275,5.908160302151184,0.0,5.899524194846159,-6191,6143,-2,6126,0.77,0.16,0.11,0.49,32251,32251,32251,32251
7.388938903808594,-5.9921298377938825,5.943634773696437,0.0,5.934865803202105,-6186,6144,2,6130,0.77,0.33,0.05,0.44,32251,32251,32251,32251
7.428694009780884,-6.02521277193159,5.976186255076914,0.0,5.96755014777189,-6197,6143,2,6131,0.77,0.66,0.05,0.38,32251,32251,32251,32251
7.472189903259277,-6.06108583304477,6.01152786343286,0.0,6.0027588929385285,-6203,6138,-6,6128,0.77,0.05,0.0,0.55,32251,32251,32251,32251
7.513202905654907,-6.09403590399317,6.044212208002645,0.0,6.035310374319005,-6203,6144,-6,6131,0.77,0.0,0.55,0.49,32251,32251,32251,32251
7.554210901260376,-6.12990896510635,6.079952405926515,0.0,6.070651982674951,-6204,6151,-5,6129,0.82,0.0,0.38,0.44,32251,32251,32251,32251
7.5952160358428955,-6.160201772268589,6.112769613685608,0.0,6.103203464055427,-6207,6158,-4,6125,0.66,0.16,0.05,0.49,32251,32251,32251,32251
7.638721942901611,-6.195543380624534,6.148244085230862,-0.00013286318930806834,6.138412209222065,-6193,6158,0,6127,0.77,0.05,0.05,0.49,32251,32251,32251,32251
7.682220935821533,-6.233940842334566,6.183984283154733,-0.00013286318930806834,6.173753817578012,-6197,6168,-8,6129,0.82,0.16,0.0,0.44,32251,32251,32251,32251
7.721977949142456,-6.2668909132829675,6.219458754699986,-0.0002657263786161367,6.209228289123265,-6198,6166,-2,6135,0.77,0.0,0.77,0.49,32251,32251,32251,32251
7.764232873916626,-6.302631111206838,6.2522759624590805,-0.0002657263786161367,6.24191263369305,-6200,6168,-1,6138,0.71,0.0,0.77,0.49,32251,32251,32251,32251
7.802746057510376,-6.333189644747693,6.285226033407481,-0.00013286318930806834,6.274596978262835,-6207,6178,-6,6140,0.71,0.0,0.82,0.38,32251,32251,32251,32251
7.8399879932403564,-6.366272578885403,6.315385977380412,-0.00013286318930806834,6.30462405904646,-6210,6176,0,6143,0.82,0.0,0.77,0.38,32251,32251,32251,32251
7.878529071807861,-6.3960339332904095,6.348203185139505,-0.00013286318930806834,6.337308403616245,-6194,6176,-5,6144,0.82,0.0,0.71,0.38,32251,32251,32251,32251
7.918286085128784,-6.428984004238811,6.38088752970929,-0.0002657263786161367,6.36985988499672,-6195,6167,0,6136,0.82,0.6,0.55,0.38,32251,32251,32251,32251
7.955538988113403,-6.461934075187212,6.4106488841142975,-0.0002657263786161367,6.399754102591036,-6200,6162,-4,6136,0.71,0.77,0.82,0.49,32251,32251,32251,32251
7.995266914367676,-6.492226882349451,6.443200365494774,-0.00013286318930806834,6.432438447160821,-6199,6156,-3,6143,0.82,0.0,0.77,0.49,32251,32251,32251,32251
8.038781881332397,-6.525044090108545,6.4757518468752515,-0.00013286318930806834,6.465122791730606,-6197,6153,1,6142,0.82,0.05,0.16,0.44,32251,32251,32251,32251
8.082274913787842,-6.563574415007883,6.510960592041889,-0.0002657263786161367,6.500464400086552,-6203,6144,1,6143,0.82,0.49,0.38,0.44,32251,32251,32251,32251
8.122032880783081,-6.5965244859562855,6.546302200397835,-0.0002657263786161367,6.53567314525319,-6194,6148,-3,6138,0.71,0.05,0.33,0.44,32251,32251,32251,32251
8.161788940429688,-6.62920883052607,6.57898654496762,-0.00013286318930806834,6.568357489822975,-6195,6144,-3,6140,0.77,0.66,0.71,0.49,32251,32251,32251,32251
8.201570987701416,-6.662291764663778,6.611803752726713,-0.00013286318930806834,6.601174697582067,-6196,6149,1,6146,0.77,0.0,0.05,0.44,32251,32251,32251,32251
8.238933086395264,-6.695374698801488,6.644488097296498,-0.00013286318930806834,6.633859042151852,-6205,6147,-2,6144,0.71,0.05,0.05,0.33,32251,32251,32251,32251
8.277292966842651,-6.725933232342343,6.674515178080122,-0.00013286318930806834,6.6637532597461675,-6211,6152,-2,6145,0.71,0.16,0.05,0.49,32251,32251,32251,32251
8.315806865692139,-6.756226039504583,6.704542258863745,-0.00013286318930806834,6.693780340529791,-6208,6149,-2,6148,0.77,0.66,0.05,0.38,32251,32251,32251,32251
8.35058307647705,-6.789043247263676,6.734303613268751,-0.00013286318930806834,6.723674558124106,-6209,6147,-2,6146,0.77,0.66,0.0,0.33,32251,32251,32251,32251
8.391563892364502,-6.818937464857992,6.7641978308630675,-0.00013286318930806834,6.753568775718422,-6195,6145,-2,6144,0.82,0.11,0.16,0.44,32251,32251,32251,32251
8.42882490158081,-6.851754672617085,6.799672302408322,-0.00013286318930806834,6.788910384074367,-6192,6151,-2,6141,0.82,0.11,0.38,0.44,32251,32251,32251,32251
8.471158981323242,-6.884439017186869,6.829832246381254,-0.00013286318930806834,6.818804601668683,-6185,6155,2,6143,0.82,0.44,0.49,0.44,32251,32251,32251,32251
8.507078886032104,-6.914598961159801,6.86238372776173,-0.0002657263786161367,6.851223219859853,-6186,6150,-2,6136,0.77,0.0,0.71,0.49,32251,32251,32251,32251
8.548083066940308,-6.947549032108201,6.8952009355208235,-0.0002657263786161367,6.883907564429637,-6193,6152,-6,6138,0.77,0.11,0.49,0.55,32251,32251,32251,32251
8.586580991744995,-6.980499103056602,6.925228016304446,-0.000398589567924205,6.913801782023952,-6194,6161,-5,6138,0.77,0.0,0.82,0.44,32251,32251,32251,32251
8.623844861984253,-7.013582037194311,6.9580452240635395,-0.000398589567924205,6.946486126593737,-6198,6159,-9,6140,0.77,0.16,0.82,0.44,32251,32251,32251,32251
8.664841890335083,-7.043741981167242,6.988072304847163,-0.0005314527572322734,6.976513207377361,-6198,6159,-8,6143,0.82,0.22,0.77,0.55,32251,32251,32251,32251
8.70209789276123,-7.076824915304953,7.023281050013801,-0.000398589567924205,7.011854815733307,-6199,6154,-7,6145,0.82,0.05,0.77,0.44,32251,32251,32251,32251
8.744364023208618,-7.109642123064045,7.053175267608116,-0.0005314527572322734,7.041881896516931,-6200,6149,-1,6146,0.77,0.66,0.66,0.49,32251,32251,32251,32251
8.780363082885742,-7.139669203847669,7.085726748988594,-0.0005314527572322734,7.074566241086715,-6194,6140,-6,6147,0.82,0.33,0.38,0.44,32251,32251,32251,32251
8.821367025375366,-7.172619274796069,7.118012503990453,-0.000398589567924205,7.106984859277883,-6195,6129,-5,6139,0.82,0.88,0.77,0.44,32251,32251,32251,32251
8.86112093925476,-7.205702208933777,7.147508132016845,-0.000398589567924205,7.137011940061508,-6201,6121,0,6143,0.77,0.88,0.77,0.33,32251,32251,32251,32251
8.89962387084961,-7.238785143071488,7.1800596133973205,-0.0005314527572322734,7.169563421441984,-6200,6127,-4,6144,0.77,0.05,0.66,0.44,32251,32251,32251,32251
8.938132047653198,-7.2690779502337275,7.212743957967106,-0.000398589567924205,7.202247766011768,-6203,6128,0,6143,0.77,0.66,0.66,0.44,32251,32251,32251,32251
8.977900981903076,-7.30189515799282,7.242638175561423,-0.000398589567924205,7.232141983606084,-6203,6128,0,6140,0.82,0.05,0.05,0.44,32251,32251,32251,32251
9.017705917358398,-7.3349780921305285,7.275455383320515,-0.000398589567924205,7.264560601797252,-6202,6136,-3,6134,0.66,0.05,0.05,0.38,32251,32251,32251,32251
9.053647994995117,-7.365138036103461,7.308272591079608,-0.000398589567924205,7.297112083177729,-6200,6143,-3,6132,0.77,0.05,0.22,0.44,32251,32251,32251,32251
9.093402862548828,-7.398088107051861,7.340956935649392,-0.000398589567924205,7.3296635645582064,-6200,6142,-3,6133,0.77,0.49,0.05,0.44,32251,32251,32251,32251
9.134448051452637,-7.431038178000263,7.370851153243707,-0.0005314527572322734,7.359557782152522,-6205,6143,1,6132,0.82,0.05,0.16,0.38,32251,32251,32251,32251
9.174161911010742,-7.463988248948663,7.403269771434877,-0.0005314527572322734,7.3921092635329995,-6204,6136,1,6131,0.82,0.16,0.16,0.44,32251,32251,32251,32251
9.211425065994263,-7.4942810561109034,7.43608697919397,-0.0005314527572322734,7.424527881724168,-6202,6145,1,6125,0.82,0.05,0.33,0.44,32251,32251,32251,32251
9.248676061630249,-7.526965400680687,7.468904186953062,-0.000398589567924205,7.456946499915336,-6198,6150,-2,6123,0.77,0.05,0.38,0.49,32251,32251,32251,32251
9.290930986404419,-7.560048334818396,7.498798404547377,-0.0005314527572322734,7.486840717509652,-6198,6141,2,6123,0.66,0.16,0.27,0.44,32251,32251,32251,32251
9.326941013336182,-7.590474005169945,7.5314827491171625,-0.0005314527572322734,7.5195250620794365,-6201,6151,-2,6127,0.6,0.0,0.44,0.55,32251,32251,32251,32251
9.366712093353271,-7.62302548655042,7.564432820065563,-0.000398589567924205,7.552209406649222,-6197,6158,-2,6133,0.71,0.05,0.82,0.49,32251,32251,32251,32251
9.407742977142334,-7.65610842068813,7.594459900849186,-0.0005314527572322734,7.581970761054228,-6202,6152,2,6128,0.82,0.27,0.82,0.44,32251,32251,32251,32251
9.447493076324463,-7.68640122785037,7.6270113822296635,-0.000398589567924205,7.614522242434705,-6202,6156,2,6127,0.82,0.11,0.77,0.49,32251,32251,32251,32251
9.484760999679565,-7.719351298798771,7.659828589988756,-0.0005314527572322734,7.647206587004489,-6200,6153,-2,6129,0.82,0.05,0.82,0.44,32251,32251,32251,32251
9.524456977844238,-7.752301369747172,7.68972280758307,-0.000398589567924205,7.677233667788112,-6204,6152,1,6132,0.82,0.05,0.82,0.38,32251,32251,32251,32251
9.5642249584198,-7.7849857143169565,7.722407152152856,-0.0005314527572322734,7.709918012357898,-6191,6152,-2,6134,0.77,0.49,0.77,0.66,32251,32251,32251,32251
9.600219011306763,-7.81501279510058,7.755091496722641,-0.000398589567924205,7.742469493738375,-6191,6147,2,6137,0.77,0.49,0.44,0.44,32251,32251,32251,32251
9.641218900680542,-7.848228592427597,7.784852851127648,-0.000398589567924205,7.775153838308159,-6197,6150,2,6136,0.82,0.11,0.0,0.44,32251,32251,32251,32251
9.681079864501953,-7.881045800186689,7.817537195697434,-0.000398589567924205,7.805048055902474,-6193,6146,-2,6139,0.77,0.27,0.11,0.44,32251,32251,32251,32251
9.720738887786865,-7.911338607348928,7.850221540267218,-0.0005314527572322734,7.83773240047226,-6203,6151,2,6141,0.88,0.05,0.93,0.44,32251,32251,32251,32251
9.756728887557983,-7.944421541486639,7.883038748026311,-0.0005314527572322734,7.870416745042044,-6205,6148,2,6140,0.77,0.77,0.0,0.44,32251,32251,32251,32251
9.797797918319702,-7.977504475624348,7.912932965620626,-0.0005314527572322734,7.899912373068435,-6204,6153,2,6124,0.93,0.49,0.0,0.6,32251,32251,32251,32251
9.837553977966309,-8.009923093815516,7.94575017337972,-0.000398589567924205,7.932198128070296,-6187,6152,2,6115,0.82,0.27,0.16,0.38,32251,32251,32251,32251
9.877251863479614,-8.039817311409832,7.978567381138813,-0.000398589567924205,7.9646167462614645,-6181,6156,2,6117,0.88,0.05,0.05,0.49,32251,32251,32251,32251
9.914511919021606,-8.072767382358233,8.008727325111744,-0.0002657263786161367,7.994510963855781,-6187,6161,1,6120,0.82,0.11,0.11,0.44,32251,32251,32251,32251
9.954257011413574,-8.105451726928017,8.041544532870835,-0.000398589567924205,8.027195308425565,-6181,6164,5,6125,0.77,0.11,0.05,0.49,32251,32251,32251,32251
9.992763042449951,-8.135744534090257,8.074361740629929,-0.000398589567924205,8.059746789806042,-6184,6161,5,6125,0.77,0.05,0.44,0.44,32251,32251,32251,32251





































































































































































































































































































































































































































































































































































































































































































































































































































































































































































































































































































































































































































































































































































































































































































































































































































































































































































































































































































































































































































































































































































































































































